[
    {
        "taxon_source": "taxonomy.sources.col",
        "taxon_uuid": "0e816895-1f28-4c24-8c57-c5712b6f116c",
        "taxon_nuid": "00600200700q00300400a",
        "taxon_latname": "Fagus sylvatica",
        "gbif_nubKey": 2882316,
        "name": "Rotbuche"
    },
    {
        "taxon_source": "taxonomy.sources.col",
        "taxon_uuid": "b279f1be-4454-4ea6-888e-a18af8061fd7",
        "taxon_nuid": "00600200700q00400700q",
        "taxon_latname": "Juglans regia",
        "gbif_nubKey": 3054368,
        "name": "Walnuß"
    },
    {
        "taxon_source": "taxonomy.sources.col",
        "taxon_uuid": "fc542c23-258f-4013-bad5-7f9c6a9cfb0d",
        "taxon_nuid": "00600200700q0030070cx",
        "taxon_latname": "Quercus robur",
        "gbif_nubKey": 2878688,
        "name": "Eiche"
    },
    {
        "taxon_source": "taxonomy.sources.col",
        "taxon_uuid": "085f4c10-fb82-458e-aeac-e05f51d1193b",
        "taxon_nuid": "00600200701000y01901t",
        "taxon_latname": "Populus nigra",
        "gbif_nubKey": 3040227,
        "name": "Schwarzpappel"
    },
    {
        "taxon_source": "taxonomy.sources.col",
        "taxon_uuid": "77380de8-8087-41b4-9577-67b929593b0b",
        "taxon_nuid": "006002009001005005002",
        "taxon_latname": "Larix decidua",
        "gbif_nubKey": 2686212,
        "name": "Lärche"
    },
    {
        "taxon_source": "taxonomy.sources.col",
        "taxon_uuid": "fff10c11-b58f-4887-8402-8875924bd600",
        "taxon_nuid": "00600200701e00800100c",
        "taxon_latname": "Acer campestre",
        "gbif_nubKey": 3189863,
        "name": "Feldahorn"
    },
    {
        "taxon_source": "taxonomy.sources.col",
        "taxon_uuid": "d0299e04-1602-412c-b678-b6e07be93419",
        "taxon_nuid": "00600200701e00800102m",
        "taxon_latname": "Acer pseudoplatanus",
        "gbif_nubKey": 3189870,
        "name": "Bergahorn"
    },
    {
        "taxon_source": "taxonomy.sources.col",
        "taxon_uuid": "f141fcc3-699b-44e7-8485-90c5a61e43e6",
        "taxon_nuid": "00600200700x00c00800j",
        "taxon_latname": "Fraxinus excelsior",
        "gbif_nubKey": 3172358,
        "name": "Esche"
    },
    {
        "taxon_source": "taxonomy.sources.col",
        "taxon_uuid": "3b20725b-e497-4fd4-a160-cef75aeac8f4",
        "taxon_nuid": "00600200900100500802s",
        "taxon_latname": "Pinus sylvestris",
        "gbif_nubKey": 5285637,
        "name": "Kiefer"
    },
    {
        "taxon_source": "taxonomy.sources.col",
        "taxon_uuid": "eb53f49f-1f80-4505-9d56-74216ac4e548",
        "taxon_nuid": "006002009001005001001",
        "taxon_latname": "Abies alba",
        "gbif_nubKey": 2685484,
        "name": "Weißtanne"
    },
    {
        "taxon_source": "taxonomy.sources.col",
        "taxon_uuid": "2fe86c5f-5897-448c-8b0e-77a9f6e7c802",
        "taxon_nuid": "00600200700q00100201m",
        "taxon_latname": "Betula pendula",
        "gbif_nubKey": 5331916,
        "name": "Birke"
    },
    {
        "taxon_source": "taxonomy.sources.col",
        "taxon_uuid": "d085d231-e44a-44a0-946f-46604e4a8326",
        "taxon_nuid": "00600200701b00702e00r",
        "taxon_latname": "Sorbus aucuparia",
        "gbif_nubKey": 3012167,
        "name": "Eberesche"
    },
    {
        "taxon_source": "taxonomy.sources.col",
        "taxon_uuid": "1541aa08-7c23-4de0-9898-80d87e9227b3",
        "taxon_nuid": "006002009001005007001",
        "taxon_latname": "Picea abies",
        "gbif_nubKey": 5284884,
        "name": "Fichte"
    },
    {
        "taxon_source": "taxonomy.sources.col",
        "taxon_uuid": "979e692e-95ec-437d-b52b-780df1abe4c1",
        "taxon_nuid": "00600200700q00100100d",
        "taxon_latname": "Alnus glutinosa",
        "gbif_nubKey": 2876213,
        "name": "Schwarzerle"
    }
]