{
    "taxon_source": "taxonomy.sources.col",
    "taxon_uuid": "085f4c10-fb82-458e-aeac-e05f51d1193b",
    "taxon_nuid": "00600200701000y01901t",
    "taxon_latname": "Populus nigra",
    "vernacular": {
        "de": "Schwarzpappel",
        "en": "Schwarzpappel"
    },
    "node_names": [
        "Schwarzpappel"
    ],
    "node_decision_rules": [],
    "traits": [
        {
            "matrix_filter": {
                "name": "Blattanordnung",
                "is_multispace": true,
                "description": null,
                "filter_type": "DescriptiveTextAndImagesFilter",
                "definition": null
            },
            "values": [
                {
                    "encoded_space": "wechselständig",
                    "image_url": "user_content/content_images/be2bcee18d6b847ef72bff25ec7a4194.JPEG"
                }
            ]
        },
        {
            "matrix_filter": {
                "name": "Form des Blattes",
                "is_multispace": true,
                "description": null,
                "filter_type": "DescriptiveTextAndImagesFilter",
                "definition": null
            },
            "values": [
                {
                    "encoded_space": "herzförmig",
                    "image_url": "user_content/content_images/bb0d8f9b0965a4a06fa1b339434870cc.JPEG"
                }
            ]
        },
        {
            "matrix_filter": {
                "name": "Form des Blattendes",
                "is_multispace": true,
                "description": null,
                "filter_type": "DescriptiveTextAndImagesFilter",
                "definition": null
            },
            "values": [
                {
                    "encoded_space": "mit Spitze",
                    "image_url": "user_content/content_images/e18b1e8e6557e2e98b9dba31f5f3025f.JPEG"
                }
            ]
        },
        {
            "matrix_filter": {
                "name": "Form des Blattrandes",
                "is_multispace": true,
                "description": null,
                "filter_type": "DescriptiveTextAndImagesFilter",
                "definition": null
            },
            "values": [
                {
                    "encoded_space": "gezackt",
                    "image_url": "user_content/content_images/0f66a3509f9ee4c730bbb5faa20a7b92.JPEG"
                }
            ]
        },
        {
            "matrix_filter": {
                "name": "Form der Rinde",
                "is_multispace": true,
                "description": null,
                "filter_type": "DescriptiveTextAndImagesFilter",
                "definition": null
            },
            "values": [
                {
                    "encoded_space": "gefurcht",
                    "image_url": "user_content/content_images/bb56a7bc01f65f550c04e97146873b14.JPEG"
                }
            ]
        },
        {
            "matrix_filter": {
                "name": "Farbe des Stammes",
                "is_multispace": true,
                "description": null,
                "filter_type": "ColorFilter",
                "definition": null
            },
            "values": [
                {
                    "encoded_space": [
                        104,
                        71,
                        3,
                        1.0
                    ],
                    "image_url": "img/noimage.svg",
                    "rgba": "rgba(104,71,3,1.0)"
                }
            ]
        },
        {
            "matrix_filter": {
                "name": "Taxonomie",
                "is_multispace": false,
                "description": null,
                "filter_type": "TaxonFilter",
                "definition": null
            }
        }
    ],
    "texts": [
        {
            "taxon_text_type": "Interessantes",
            "text": "Gerade noch 3000 Altbäume soll es in Deutschland geben. Gründe für den starken Rückgang der Art sind v.a. der Verlust ihres Lebensraumes entlang der Flüsse sowie der Anbau von wuchs- und konkurrenzstarken Pappel-Hybriden.\n\n2006 wurde die Schwarzpappel nun vom Kuratorium Baum des Jahres zum Baum des Jahres gewählt. Mit dieser Wahl soll nicht nur auf die Baumart selbst, sondern auch auf den in Mitteleuropa am meisten gefährdeten Waldstandort - die Weichholzaue - aufmerksam gemacht werden."
        }
    ],
    "images": {
        "taxon_profile_images": [],
        "node_images": [
            {
                "text": null,
                "image_url": "user_content/content_images/eb375c9ab4e506ac3fa738d68004cc80.JPEG"
            }
        ],
        "taxon_images": []
    },
    "gbif_nubKey": 3040227
}