{
    "taxon_source": "taxonomy.sources.col",
    "taxon_uuid": "0e816895-1f28-4c24-8c57-c5712b6f116c",
    "taxon_nuid": "00600200700q00300400a",
    "taxon_latname": "Fagus sylvatica",
    "vernacular": {
        "de": "Rotbuche",
        "en": "Rotbuche"
    },
    "node_names": [
        "Rotbuche"
    ],
    "node_decision_rules": [],
    "traits": [
        {
            "matrix_filter": {
                "name": "Blattanordnung",
                "is_multispace": true,
                "description": null,
                "filter_type": "DescriptiveTextAndImagesFilter",
                "definition": null
            },
            "values": [
                {
                    "encoded_space": "wechselständig",
                    "image_url": "user_content/content_images/be2bcee18d6b847ef72bff25ec7a4194.JPEG"
                }
            ]
        },
        {
            "matrix_filter": {
                "name": "Form des Blattes",
                "is_multispace": true,
                "description": null,
                "filter_type": "DescriptiveTextAndImagesFilter",
                "definition": null
            },
            "values": [
                {
                    "encoded_space": "oval",
                    "image_url": "user_content/content_images/096b6ad3e9ef770157ca5bd82e27eede.JPEG"
                }
            ]
        },
        {
            "matrix_filter": {
                "name": "Form des Blattendes",
                "is_multispace": true,
                "description": null,
                "filter_type": "DescriptiveTextAndImagesFilter",
                "definition": null
            },
            "values": [
                {
                    "encoded_space": "mit Spitze",
                    "image_url": "user_content/content_images/e18b1e8e6557e2e98b9dba31f5f3025f.JPEG"
                }
            ]
        },
        {
            "matrix_filter": {
                "name": "Form des Blattrandes",
                "is_multispace": true,
                "description": null,
                "filter_type": "DescriptiveTextAndImagesFilter",
                "definition": null
            },
            "values": [
                {
                    "encoded_space": "glatt",
                    "image_url": "user_content/content_images/8a8907f93da71d55998e86f36aad5b26.JPEG"
                },
                {
                    "encoded_space": "wellig",
                    "image_url": "user_content/content_images/aacb8005247602d6cf3c9f7c21bc120c.JPEG"
                }
            ]
        },
        {
            "matrix_filter": {
                "name": "Form der Rinde",
                "is_multispace": true,
                "description": null,
                "filter_type": "DescriptiveTextAndImagesFilter",
                "definition": null
            },
            "values": [
                {
                    "encoded_space": "glatt",
                    "image_url": "user_content/content_images/b77d219e5a1746905858aacefb6a6728.JPEG"
                }
            ]
        },
        {
            "matrix_filter": {
                "name": "Farbe des Stammes",
                "is_multispace": true,
                "description": null,
                "filter_type": "ColorFilter",
                "definition": null
            },
            "values": [
                {
                    "encoded_space": [
                        107,
                        100,
                        0,
                        1.0
                    ],
                    "image_url": "img/noimage.svg",
                    "rgba": "rgba(107,100,0,1.0)"
                }
            ]
        },
        {
            "matrix_filter": {
                "name": "Taxonomie",
                "is_multispace": false,
                "description": null,
                "filter_type": "TaxonFilter",
                "definition": null
            }
        }
    ],
    "texts": [
        {
            "taxon_text_type": "Interessantes",
            "text": "Der Begriff für unsere Buchstaben leitet sich von Buchen-Holzstäben ab. Sie wurden zum Deuten der auf ihnen eingeritzten Runen vom Boden auf-'gelesen'. Die althochdeutsche 'buoh', eine Holzschreibtafel aus Buche, ist der Namensgeber für unsere Bücher.\n\nEin über ganz Deutschland hinaus bekanntes Baumexemplar war die Bavaria-Buche. Sie stand nahe dem Ortsteil Pondorf der Gemeinde Altmannstein im oberbayerischen Landkreis Eichstätt im Naturpark Altmühltal. Ihr Alter wurde auf 500 bis 800 Jahre geschätzt, ihr Stammumfang betrug neun Meter, die Krone wies einen Durchmesser von über 30 Metern auf. Durch Sturmschäden in den Jahren 1995, 2006 und 2013 brachen nach und nach alle Hauptäste der ehemals halbkugelförmigen Krone. Das Bruchholz verblieb als Totholzbiotop an Ort und Stelle."
        },
        {
            "taxon_text_type": "Waldschutz",
            "text": "Die Buche ist eine vergleichsweise risikoarme Baumart. Buchen- und Buchenmischbestände bilden stabile Wälder und gewährleisten dem Waldbesitzer eine hohe Betriebs- und Planungssicherheit.\nJunge Buchen sind vor allem gegenüber Spätfrösten empfindlich. Für Mäuse und Schalenwild sind die Samen – die Bucheckern – besondere Leckerbissen. Wildverbiss und Schälschäden treten ebenfalls an der Buche auf.\n\nDie Rinde älterer Buchen reagiert bei plötzlicher Freistellung häufig mit Sonnenbrand. Die Buchen-Komplexkrankheit wird durch das Zusammenspiel verschiedener Faktoren.\n\nAn der Buche treten auch eine Reihe von Insekten wie der Buchenwickler, der Buchenspringrüssler, der Buchenprachtkäfer und der Kleine Buchenborkenkäfer auf. Auch Pilze befallen das Buchenholz. Bedeutsam sind vor allem Weißfäuleerreger, wie zum Beispiel der Zunderschwamm oder der Brandkrustenpilz, die das Holz zersetzen."
        },
        {
            "taxon_text_type": "Baum als Lebensraum",
            "text": "Typische Buchenwaldbewohner sind Frühblüher wie Buschwindröschen, Waldbingelkraut, Waldmeister und Zwiebelzahnwurz. Sie nutzen das Licht, das im unbelaubten Frühjahrswald bis auf den Waldboden fallen kann.\n\nEin Charaktervogel buchenreicher Wälder ist der Schwarzspecht. Er meißelt seine Brut- und Schlafhöhlen in starke Stämme. Hohltaube und Rauhfußkauz nutzen diese Baumhöhlen als 'Nachmieter'. Abgestorbenes Buchenholz ist für viele holzbewohnende Käferarten ein wichtiger Lebensraum."
        }
    ],
    "images": {
        "taxon_profile_images": [],
        "node_images": [
            {
                "text": null,
                "image_url": "user_content/content_images/f963cadd7c1fbd078a08057acf464a83.JPEG"
            }
        ],
        "taxon_images": []
    },
    "gbif_nubKey": 2882316
}