{
    "taxon_source": "taxonomy.sources.col",
    "taxon_uuid": "1541aa08-7c23-4de0-9898-80d87e9227b3",
    "taxon_nuid": "006002009001005007001",
    "taxon_latname": "Picea abies",
    "vernacular": {
        "de": "Fichte",
        "en": "Fichte"
    },
    "node_names": [
        "Fichte"
    ],
    "node_decision_rules": [],
    "traits": [
        {
            "matrix_filter": {
                "name": "Anordnung der Nadeln",
                "is_multispace": true,
                "description": null,
                "filter_type": "DescriptiveTextAndImagesFilter",
                "definition": null
            },
            "values": [
                {
                    "encoded_space": "rings um den Zweig",
                    "image_url": "user_content/content_images/56bf447c4c3b49efdb6418a978466477.JPEG"
                }
            ]
        },
        {
            "matrix_filter": {
                "name": "Form der Nadeln",
                "is_multispace": true,
                "description": null,
                "filter_type": "DescriptiveTextAndImagesFilter",
                "definition": null
            },
            "values": [
                {
                    "encoded_space": "spitz, stechend",
                    "image_url": "user_content/content_images/b89ad885de8e891eaac085ac6d5d498d.JPEG"
                }
            ]
        },
        {
            "matrix_filter": {
                "name": "Länge der Nadeln",
                "is_multispace": false,
                "description": null,
                "filter_type": "RangeFilter",
                "definition": {
                    "step": 0.5,
                    "unit": "cm"
                }
            },
            "values": [
                1.0,
                2.0
            ]
        },
        {
            "matrix_filter": {
                "name": "Wuchsrichtung der Zapfen",
                "is_multispace": true,
                "description": null,
                "filter_type": "DescriptiveTextAndImagesFilter",
                "definition": null
            },
            "values": [
                {
                    "encoded_space": "hängend",
                    "image_url": "user_content/content_images/62fae4e96869bf76637cfa0fcf8ce30f.JPEG"
                }
            ]
        },
        {
            "matrix_filter": {
                "name": "Länge der Zapfen",
                "is_multispace": false,
                "description": null,
                "filter_type": "RangeFilter",
                "definition": {
                    "step": 1.0,
                    "unit": "cm"
                }
            },
            "values": [
                10.0,
                18.0
            ]
        },
        {
            "matrix_filter": {
                "name": "Form der Rinde",
                "is_multispace": true,
                "description": null,
                "filter_type": "DescriptiveTextAndImagesFilter",
                "definition": null
            },
            "values": [
                {
                    "encoded_space": "glatt, im Alter schuppig",
                    "image_url": "user_content/content_images/037715300883cb88b0c89902d83f4edb.JPEG"
                }
            ]
        },
        {
            "matrix_filter": {
                "name": "Jahreszeitliche Benadelung",
                "is_multispace": true,
                "description": null,
                "filter_type": "DescriptiveTextAndImagesFilter",
                "definition": null
            },
            "values": [
                {
                    "encoded_space": "ganzjährig mit Nadeln",
                    "image_url": "user_content/content_images/043ebdc77a2e54112e3f4fdda780b687.JPEG"
                }
            ]
        }
    ],
    "texts": [
        {
            "taxon_text_type": "Interessantes",
            "text": "Im Jahre 2008 haben Wissenschaftler in Schweden in der Provinz Dalarna eine Fichte entdeckt, die sie auf ein Alter von 9.550 Jahren datiert haben. Sie ist damit der älteste lebende Baum der Welt. Sie hat selbst widrige klimatische Umstände überlebt, weil sie aus einem Wurzelstock immer neue Stämme austreiben konnte."
        },
        {
            "taxon_text_type": "Waldschutz",
            "text": "Die Fichte ist als boreale Nadelbaumart anfällig gegenüber Wärme und Trockenheit. Windwurfgefahr droht in Reinbeständen, vor allem auf staunassen und grundfeuchten Standorten oder, wenn sie undifferenziert und ungepflegt dicht aufwachsen. In der Jugend ist sie auf ungeschützten Freiflächen empfindlich gegenüber Spätfrösten Außerhalb ihres Optimumgebietes sind Fichtenbestände stärker durch Insekten und Pilze bedroht."
        },
        {
            "taxon_text_type": "Baum als Lebensraum",
            "text": "Fichtenwälder bieten gut gedeckte und geschützte Strukturen, die viele verschiedene Vogelarten zum Brüten und zur Nahrungssuche benötigen. Dazu zählen beispielsweise der Fichtenkreuzschnabel (Loxia curvirostra) oder der Waldbaumläufer (Certhia familiaris).\n\nIn natürlichen Fichtenwäldern dringt wenig Licht auf den Waldboden. Daher bietet er vor allem Pflanzen, deren Versorgung von der Photosynthese weitgehend unabhängig ist, ein geeignetes Biotop. An diese Verhältnisse besonders angepasst ist der Fichtenspargel (Monotropa hypopitys), der eine Symbiose mit der Fichte eingeht."
        }
    ],
    "images": {
        "taxon_profile_images": [],
        "node_images": [
            {
                "text": null,
                "image_url": "user_content/content_images/0da281420b535c8455a65bf0433e4380.JPEG"
            }
        ],
        "taxon_images": []
    },
    "gbif_nubKey": 5284884
}