{
    "taxon_source": "taxonomy.sources.col",
    "taxon_uuid": "2fe86c5f-5897-448c-8b0e-77a9f6e7c802",
    "taxon_nuid": "00600200700q00100201m",
    "taxon_latname": "Betula pendula",
    "vernacular": {
        "de": "Birke",
        "en": "Birke"
    },
    "node_names": [
        "Birke"
    ],
    "node_decision_rules": [],
    "traits": [
        {
            "matrix_filter": {
                "name": "Blattanordnung",
                "is_multispace": true,
                "description": null,
                "filter_type": "DescriptiveTextAndImagesFilter",
                "definition": null
            },
            "values": [
                {
                    "encoded_space": "wechselständig",
                    "image_url": "user_content/content_images/be2bcee18d6b847ef72bff25ec7a4194.JPEG"
                }
            ]
        },
        {
            "matrix_filter": {
                "name": "Form des Blattes",
                "is_multispace": true,
                "description": null,
                "filter_type": "DescriptiveTextAndImagesFilter",
                "definition": null
            },
            "values": [
                {
                    "encoded_space": "herzförmig",
                    "image_url": "user_content/content_images/bb0d8f9b0965a4a06fa1b339434870cc.JPEG"
                }
            ]
        },
        {
            "matrix_filter": {
                "name": "Form des Blattendes",
                "is_multispace": true,
                "description": null,
                "filter_type": "DescriptiveTextAndImagesFilter",
                "definition": null
            },
            "values": [
                {
                    "encoded_space": "mit Spitze",
                    "image_url": "user_content/content_images/e18b1e8e6557e2e98b9dba31f5f3025f.JPEG"
                }
            ]
        },
        {
            "matrix_filter": {
                "name": "Form des Blattrandes",
                "is_multispace": true,
                "description": null,
                "filter_type": "DescriptiveTextAndImagesFilter",
                "definition": null
            },
            "values": [
                {
                    "encoded_space": "gezackt",
                    "image_url": "user_content/content_images/0f66a3509f9ee4c730bbb5faa20a7b92.JPEG"
                }
            ]
        },
        {
            "matrix_filter": {
                "name": "Form der Rinde",
                "is_multispace": true,
                "description": null,
                "filter_type": "DescriptiveTextAndImagesFilter",
                "definition": null
            },
            "values": [
                {
                    "encoded_space": "glatt",
                    "image_url": "user_content/content_images/b77d219e5a1746905858aacefb6a6728.JPEG"
                }
            ]
        },
        {
            "matrix_filter": {
                "name": "Farbe des Stammes",
                "is_multispace": true,
                "description": null,
                "filter_type": "ColorFilter",
                "definition": null
            },
            "values": [
                {
                    "encoded_space": [
                        238,
                        238,
                        238,
                        1.0
                    ],
                    "image_url": "img/noimage.svg",
                    "rgba": "rgba(238,238,238,1.0)"
                }
            ]
        },
        {
            "matrix_filter": {
                "name": "Taxonomie",
                "is_multispace": false,
                "description": null,
                "filter_type": "TaxonFilter",
                "definition": null
            }
        }
    ],
    "texts": [
        {
            "taxon_text_type": "Interessantes",
            "text": "Das Wort Birke ist auf einen Begriff im Indogermanischen zurückzuführen (*bherHg̑o) und bedeutet in Anspielung auf die helle Rinde so viel wie „glänzend, schimmernd“. Die Birke als Symbol der Fruchtbarkeit galt früher als Helfer in Liebesnöten. Dieser Verwendungszweck ist heute fast vergessen. Ihre Zweige, Rinde und die Blätter mussten für allerlei Mittel und Bräuche herhalten, von denen man sich eine Besserung in sexuellen Nöten erhoffte."
        },
        {
            "taxon_text_type": "Baum als Lebensraum",
            "text": "Die beiden einheimischen, baumförmigen Birkenarten, die Sandbirke (Betula pendula) und die Moorbirke (Betula pubescens), tragen wesentlich zur Erhöhung der biologischen Vielfalt in unseren Wäldern bei. Allgemein ist bekannt, dass unsere beiden Birkenarten zu den von Insektenarten beliebtesten Baumarten zählen. So kommen über 160 Insektenarten an Sand- und Moorbirke vor. Die Birken gehören damit nach den Weidenarten und den beiden Eichen zu den von Insekten am stärksten genutzten einheimischen Baumarten. Eine auf die Birke spezialisierte Käferart ist z.B. der Birken-Blattroller (Deporaus betulae, Rhynchitidae), der den vorderen Teil der Blattspreite in einen kunstvolles, tütenförmiges „Päckchen“ umbaut, in das er seine Eier ablegt. Eine auffallende spezialisierte Art ist die Große Birkenblattwespe."
        }
    ],
    "images": {
        "taxon_profile_images": [],
        "node_images": [
            {
                "text": null,
                "image_url": "user_content/content_images/a156d1737d270b837d635b7206a8255c.JPEG"
            }
        ],
        "taxon_images": []
    },
    "gbif_nubKey": 5331916
}