{
    "taxon_source": "taxonomy.sources.col",
    "taxon_uuid": "3b20725b-e497-4fd4-a160-cef75aeac8f4",
    "taxon_nuid": "00600200900100500802s",
    "taxon_latname": "Pinus sylvestris",
    "vernacular": {
        "de": "Kiefer",
        "en": "Kiefer"
    },
    "node_names": [
        "Kiefer"
    ],
    "node_decision_rules": [],
    "traits": [
        {
            "matrix_filter": {
                "name": "Anordnung der Nadeln",
                "is_multispace": true,
                "description": null,
                "filter_type": "DescriptiveTextAndImagesFilter",
                "definition": null
            },
            "values": [
                {
                    "encoded_space": "rings um den Zweig",
                    "image_url": "user_content/content_images/56bf447c4c3b49efdb6418a978466477.JPEG"
                }
            ]
        },
        {
            "matrix_filter": {
                "name": "Form der Nadeln",
                "is_multispace": true,
                "description": null,
                "filter_type": "DescriptiveTextAndImagesFilter",
                "definition": null
            },
            "values": [
                {
                    "encoded_space": "spitz, stechend",
                    "image_url": "user_content/content_images/b89ad885de8e891eaac085ac6d5d498d.JPEG"
                }
            ]
        },
        {
            "matrix_filter": {
                "name": "Länge der Nadeln",
                "is_multispace": false,
                "description": null,
                "filter_type": "RangeFilter",
                "definition": {
                    "step": 0.5,
                    "unit": "cm"
                }
            },
            "values": [
                3.0,
                7.0
            ]
        },
        {
            "matrix_filter": {
                "name": "Wuchsrichtung der Zapfen",
                "is_multispace": true,
                "description": null,
                "filter_type": "DescriptiveTextAndImagesFilter",
                "definition": null
            },
            "values": [
                {
                    "encoded_space": "hängend",
                    "image_url": "user_content/content_images/62fae4e96869bf76637cfa0fcf8ce30f.JPEG"
                }
            ]
        },
        {
            "matrix_filter": {
                "name": "Länge der Zapfen",
                "is_multispace": false,
                "description": null,
                "filter_type": "RangeFilter",
                "definition": {
                    "step": 1.0,
                    "unit": "cm"
                }
            },
            "values": [
                3.0,
                6.0
            ]
        },
        {
            "matrix_filter": {
                "name": "Form der Rinde",
                "is_multispace": true,
                "description": null,
                "filter_type": "DescriptiveTextAndImagesFilter",
                "definition": null
            },
            "values": [
                {
                    "encoded_space": "plattig, tief zerfurcht",
                    "image_url": "user_content/content_images/bb56a7bc01f65f550c04e97146873b14.JPEG"
                }
            ]
        },
        {
            "matrix_filter": {
                "name": "Jahreszeitliche Benadelung",
                "is_multispace": true,
                "description": null,
                "filter_type": "DescriptiveTextAndImagesFilter",
                "definition": null
            },
            "values": [
                {
                    "encoded_space": "ganzjährig mit Nadeln",
                    "image_url": "user_content/content_images/043ebdc77a2e54112e3f4fdda780b687.JPEG"
                }
            ]
        }
    ],
    "texts": [
        {
            "taxon_text_type": "Interessantes",
            "text": "Die heimische Kiefer besitzt viele volkstümliche Namen: Gemeine Kiefer, Sand- oder Rotkiefer, Föhre, Forche, Fuhre, Forle, Kienbaum, Waldföhre oder Weißföhre. Etymologisch stammt die Bezeichnung Kiefer vermutlich von der mittelhochdeutschen Wortschöpfung „Kien“ für harzreiches Holz und „Föhre“."
        },
        {
            "taxon_text_type": "Waldschutz",
            "text": "Besonders in Reinbeständen ist die Waldkiefer stark durch Insekten wie Nonne, Kiefernspinner, Kiefernspanner und Forleule gefährdet.\nAber auch zahlreiche Pilzarten kommen an der Waldkiefer vor. Dabei können vor allem die Kiefernschütte, Hallimasch oder Blasenrost zu Schäden führen.\n\nDurch die breite Kronenform und die langen Nadeln der Waldkiefer kommt es gehäuft zu Kronenbrüchen verursacht durch Nassschnee."
        },
        {
            "taxon_text_type": "Baum als Lebensraum",
            "text": "Von den in Kiefernwäldern verbreiteten Arten werden 35 Arten als Zeigerarten für autochtone Kiefernstandorte in Bayern eingestuft. Sie fehlen in sekundären (d.h. nutzungsbedingten) Kiefernwäldern. Nur wenige Arten sind streng monophag an die Baumart Kiefer oder ausschließlich an Kiefernstandorte gebunden. Werden sie jedoch in Kiefernwäldern angetroffen, so ist von einem natürlichen Vorkommen der Kiefer auszugehen."
        }
    ],
    "images": {
        "taxon_profile_images": [],
        "node_images": [
            {
                "text": null,
                "image_url": "user_content/content_images/86d71d44e678479f4792d923e1282b79.JPEG"
            }
        ],
        "taxon_images": []
    },
    "gbif_nubKey": 5285637
}