{
    "taxon_source": "taxonomy.sources.col",
    "taxon_uuid": "77380de8-8087-41b4-9577-67b929593b0b",
    "taxon_nuid": "006002009001005005002",
    "taxon_latname": "Larix decidua",
    "vernacular": {
        "de": "Lärche",
        "en": "Lärche"
    },
    "node_names": [
        "Lärche"
    ],
    "node_decision_rules": [],
    "traits": [
        {
            "matrix_filter": {
                "name": "Anordnung der Nadeln",
                "is_multispace": true,
                "description": null,
                "filter_type": "DescriptiveTextAndImagesFilter",
                "definition": null
            },
            "values": [
                {
                    "encoded_space": "Büschel",
                    "image_url": "user_content/content_images/f2c37b926856d852cee03b26ae501597.JPEG"
                }
            ]
        },
        {
            "matrix_filter": {
                "name": "Form der Nadeln",
                "is_multispace": true,
                "description": null,
                "filter_type": "DescriptiveTextAndImagesFilter",
                "definition": null
            },
            "values": [
                {
                    "encoded_space": "abgerundet, nicht stechend",
                    "image_url": "user_content/content_images/900fd9efabf49cfea970ac936bdb28b2.JPEG"
                }
            ]
        },
        {
            "matrix_filter": {
                "name": "Länge der Nadeln",
                "is_multispace": false,
                "description": null,
                "filter_type": "RangeFilter",
                "definition": {
                    "step": 0.5,
                    "unit": "cm"
                }
            },
            "values": [
                1.5,
                3.0
            ]
        },
        {
            "matrix_filter": {
                "name": "Wuchsrichtung der Zapfen",
                "is_multispace": true,
                "description": null,
                "filter_type": "DescriptiveTextAndImagesFilter",
                "definition": null
            },
            "values": [
                {
                    "encoded_space": "aufrecht stehend",
                    "image_url": "user_content/content_images/fae5ce47ed5d9d764976868ee701f1fa.JPEG"
                }
            ]
        },
        {
            "matrix_filter": {
                "name": "Länge der Zapfen",
                "is_multispace": false,
                "description": null,
                "filter_type": "RangeFilter",
                "definition": {
                    "step": 1.0,
                    "unit": "cm"
                }
            },
            "values": [
                3.0,
                4.0
            ]
        },
        {
            "matrix_filter": {
                "name": "Form der Rinde",
                "is_multispace": true,
                "description": null,
                "filter_type": "DescriptiveTextAndImagesFilter",
                "definition": null
            },
            "values": [
                {
                    "encoded_space": "glatt, im Alter schuppig",
                    "image_url": "user_content/content_images/037715300883cb88b0c89902d83f4edb.JPEG"
                }
            ]
        },
        {
            "matrix_filter": {
                "name": "Jahreszeitliche Benadelung",
                "is_multispace": true,
                "description": null,
                "filter_type": "DescriptiveTextAndImagesFilter",
                "definition": null
            },
            "values": [
                {
                    "encoded_space": "wirft Nadeln im Winter ab",
                    "image_url": "user_content/content_images/5bb4f29e3de30f7de579bdfee4af21ca.JPEG"
                }
            ]
        }
    ],
    "texts": [
        {
            "taxon_text_type": "Interessantes",
            "text": "Die Lärche ist die einzige heimische Baumart, die ihre Nadeln im Herbst abwirft. Sie ist an ein kontinentales Klima mit sehr kalten Wintern und heißen trockenen Sommern angepasst. Sie ist weitgehend frostfest, sturmfest und schneebruchsicher."
        },
        {
            "taxon_text_type": "Waldschutz",
            "text": "Grundsätzlich ist die Lärche eine robuste Baumart. In Lagen mit hoher Luftfeuchte ist sie allerdings anfällig gegenüber Lärchenkrebs und verschiedenen weiteren Nadelpilzen. Auch Bakterien können sie außerhalb ihres natürlichen Verbreitungsgebietes schädigen und zu Wuchsdeformationen führen. Die Nadeln können von der Lärchenminiermotte befallen werden. Geschwächte Bäume sind folglich auch durch Lärchenbock und Lärchenborkenkäfer gefährdet In Pflanzungen mit Lärche stellt der braune Rüsselkäfer ein potentielles Risiko dar. Gerne werden junge Lärchen vom Rehbock verfegt."
        }
    ],
    "images": {
        "taxon_profile_images": [],
        "node_images": [
            {
                "text": null,
                "image_url": "user_content/content_images/4838d8c9e69c9bfbb2df1de721af575c.JPEG"
            }
        ],
        "taxon_images": []
    },
    "gbif_nubKey": 2686212
}