{
    "taxon_source": "taxonomy.sources.col",
    "taxon_uuid": "979e692e-95ec-437d-b52b-780df1abe4c1",
    "taxon_nuid": "00600200700q00100100d",
    "taxon_latname": "Alnus glutinosa",
    "vernacular": {
        "de": "Schwarzerle",
        "en": "Schwarzerle"
    },
    "node_names": [
        "Schwarzerle"
    ],
    "node_decision_rules": [],
    "traits": [
        {
            "matrix_filter": {
                "name": "Blattanordnung",
                "is_multispace": true,
                "description": null,
                "filter_type": "DescriptiveTextAndImagesFilter",
                "definition": null
            },
            "values": [
                {
                    "encoded_space": "wechselständig",
                    "image_url": "user_content/content_images/be2bcee18d6b847ef72bff25ec7a4194.JPEG"
                }
            ]
        },
        {
            "matrix_filter": {
                "name": "Form des Blattes",
                "is_multispace": true,
                "description": null,
                "filter_type": "DescriptiveTextAndImagesFilter",
                "definition": null
            },
            "values": [
                {
                    "encoded_space": "oval",
                    "image_url": "user_content/content_images/096b6ad3e9ef770157ca5bd82e27eede.JPEG"
                },
                {
                    "encoded_space": "herzförmig",
                    "image_url": "user_content/content_images/bb0d8f9b0965a4a06fa1b339434870cc.JPEG"
                }
            ]
        },
        {
            "matrix_filter": {
                "name": "Form des Blattendes",
                "is_multispace": true,
                "description": null,
                "filter_type": "DescriptiveTextAndImagesFilter",
                "definition": null
            },
            "values": [
                {
                    "encoded_space": "ohne Spitze",
                    "image_url": "user_content/content_images/8c019e1a2d87e430b6f39a8d45966683.JPEG"
                }
            ]
        },
        {
            "matrix_filter": {
                "name": "Form des Blattrandes",
                "is_multispace": true,
                "description": null,
                "filter_type": "DescriptiveTextAndImagesFilter",
                "definition": null
            },
            "values": [
                {
                    "encoded_space": "gezackt",
                    "image_url": "user_content/content_images/0f66a3509f9ee4c730bbb5faa20a7b92.JPEG"
                }
            ]
        },
        {
            "matrix_filter": {
                "name": "Form der Rinde",
                "is_multispace": true,
                "description": null,
                "filter_type": "DescriptiveTextAndImagesFilter",
                "definition": null
            },
            "values": [
                {
                    "encoded_space": "gefurcht",
                    "image_url": "user_content/content_images/bb56a7bc01f65f550c04e97146873b14.JPEG"
                }
            ]
        },
        {
            "matrix_filter": {
                "name": "Farbe des Stammes",
                "is_multispace": true,
                "description": null,
                "filter_type": "ColorFilter",
                "definition": null
            },
            "values": [
                {
                    "encoded_space": [
                        104,
                        71,
                        3,
                        1.0
                    ],
                    "image_url": "img/noimage.svg",
                    "rgba": "rgba(104,71,3,1.0)"
                }
            ]
        },
        {
            "matrix_filter": {
                "name": "Taxonomie",
                "is_multispace": false,
                "description": null,
                "filter_type": "TaxonFilter",
                "definition": null
            }
        }
    ],
    "texts": [
        {
            "taxon_text_type": "Interessantes",
            "text": "Keine einheimische Baumart ist besser in der Lage, auf nassen Standorten zu wachsen als die Schwarzerle."
        }
    ],
    "images": {
        "taxon_profile_images": [],
        "node_images": [
            {
                "text": null,
                "image_url": "user_content/content_images/f9a7b3c05269663a04b041a3de86a39b.JPEG"
            }
        ],
        "taxon_images": []
    },
    "gbif_nubKey": 2876213
}