{
    "taxon_source": "taxonomy.sources.col",
    "taxon_uuid": "b279f1be-4454-4ea6-888e-a18af8061fd7",
    "taxon_nuid": "00600200700q00400700q",
    "taxon_latname": "Juglans regia",
    "vernacular": {
        "de": "Walnuß",
        "en": "Walnuß"
    },
    "node_names": [
        "Walnuß"
    ],
    "node_decision_rules": [],
    "traits": [
        {
            "matrix_filter": {
                "name": "Blattanordnung",
                "is_multispace": true,
                "description": null,
                "filter_type": "DescriptiveTextAndImagesFilter",
                "definition": null
            },
            "values": [
                {
                    "encoded_space": "wechselständig",
                    "image_url": "user_content/content_images/be2bcee18d6b847ef72bff25ec7a4194.JPEG"
                }
            ]
        },
        {
            "matrix_filter": {
                "name": "Form des Blattes",
                "is_multispace": true,
                "description": null,
                "filter_type": "DescriptiveTextAndImagesFilter",
                "definition": null
            },
            "values": [
                {
                    "encoded_space": "gefiedert",
                    "image_url": "user_content/content_images/52d325bf640e7ccd4abb6569925f8724.JPEG"
                }
            ]
        },
        {
            "matrix_filter": {
                "name": "Form des Blattendes",
                "is_multispace": true,
                "description": null,
                "filter_type": "DescriptiveTextAndImagesFilter",
                "definition": null
            },
            "values": [
                {
                    "encoded_space": "mit Spitze",
                    "image_url": "user_content/content_images/e18b1e8e6557e2e98b9dba31f5f3025f.JPEG"
                }
            ]
        },
        {
            "matrix_filter": {
                "name": "Form des Blattrandes",
                "is_multispace": true,
                "description": null,
                "filter_type": "DescriptiveTextAndImagesFilter",
                "definition": null
            },
            "values": [
                {
                    "encoded_space": "glatt",
                    "image_url": "user_content/content_images/8a8907f93da71d55998e86f36aad5b26.JPEG"
                }
            ]
        },
        {
            "matrix_filter": {
                "name": "Form der Rinde",
                "is_multispace": true,
                "description": null,
                "filter_type": "DescriptiveTextAndImagesFilter",
                "definition": null
            },
            "values": [
                {
                    "encoded_space": "gefurcht",
                    "image_url": "user_content/content_images/bb56a7bc01f65f550c04e97146873b14.JPEG"
                }
            ]
        },
        {
            "matrix_filter": {
                "name": "Farbe des Stammes",
                "is_multispace": true,
                "description": null,
                "filter_type": "ColorFilter",
                "definition": null
            },
            "values": [
                {
                    "encoded_space": [
                        104,
                        71,
                        3,
                        1.0
                    ],
                    "image_url": "img/noimage.svg",
                    "rgba": "rgba(104,71,3,1.0)"
                }
            ]
        },
        {
            "matrix_filter": {
                "name": "Taxonomie",
                "is_multispace": false,
                "description": null,
                "filter_type": "TaxonFilter",
                "definition": null
            }
        }
    ],
    "texts": [
        {
            "taxon_text_type": "Baum als Lebensraum",
            "text": "Vor allem die Inhaltsstoffe schränken die Insektenfauna an der Walnuss stark ein. Aus Deutschland sind bisher keine phytophagen Käfer oder Schmetterlingsraupen an den Blättern der Walnuss bekannt. Im Holz werden zwar das Blausieb und der Weidenbohrer vereinzelt beobachtet, Borkenkäfer oder Frischholzbesiedler kommen an Walnüssen jedoch nicht vor.\n\nAuf den Blättern verursachen einige pilzliche Erreger Blattflecken, die die Bäume nur wenig beeinflussen. Ein Befall der Früchte kann allerdings den Ausfall der Ernte nach sich ziehen. Auch wenn viele alte Walnussbäume im Kernholz teilweise massive Fäulen zeigen, ist die Zahl der bisher beobachteten Holzpilze an der Walnuss noch sehr gering. Schädlinge vom Keimling bis zur Wurzel Erreger der Umfallkrankheit können bereits die Sämlinge befallen. Dazu zählen Arten aus der Gattung Phytophthora wie auch Arten der höheren Pilze aus den Gattungen Rhizoctonia und Rosellinia (Brandenburger 1985)."
        }
    ],
    "images": {
        "taxon_profile_images": [],
        "node_images": [],
        "taxon_images": []
    },
    "gbif_nubKey": 3054368
}