{
    "taxon_source": "taxonomy.sources.col",
    "taxon_uuid": "d0299e04-1602-412c-b678-b6e07be93419",
    "taxon_nuid": "00600200701e00800102m",
    "taxon_latname": "Acer pseudoplatanus",
    "vernacular": {
        "de": "Bergahorn",
        "en": "Bergahorn"
    },
    "node_names": [
        "Bergahorn"
    ],
    "node_decision_rules": [],
    "traits": [
        {
            "matrix_filter": {
                "name": "Blattanordnung",
                "is_multispace": true,
                "description": null,
                "filter_type": "DescriptiveTextAndImagesFilter",
                "definition": null
            },
            "values": [
                {
                    "encoded_space": "gegenständig",
                    "image_url": "user_content/content_images/d50d040edfa67fcfb3f56e2136f1a6f3.JPEG"
                }
            ]
        },
        {
            "matrix_filter": {
                "name": "Form des Blattes",
                "is_multispace": true,
                "description": null,
                "filter_type": "DescriptiveTextAndImagesFilter",
                "definition": null
            },
            "values": [
                {
                    "encoded_space": "gelappt",
                    "image_url": "user_content/content_images/4e3f657eff96315388374c4ac8903fb7.JPEG"
                }
            ]
        },
        {
            "matrix_filter": {
                "name": "Form des Blattendes",
                "is_multispace": true,
                "description": null,
                "filter_type": "DescriptiveTextAndImagesFilter",
                "definition": null
            },
            "values": [
                {
                    "encoded_space": "mit Spitze",
                    "image_url": "user_content/content_images/e18b1e8e6557e2e98b9dba31f5f3025f.JPEG"
                }
            ]
        },
        {
            "matrix_filter": {
                "name": "Form des Blattrandes",
                "is_multispace": true,
                "description": null,
                "filter_type": "DescriptiveTextAndImagesFilter",
                "definition": null
            },
            "values": [
                {
                    "encoded_space": "gezackt",
                    "image_url": "user_content/content_images/0f66a3509f9ee4c730bbb5faa20a7b92.JPEG"
                }
            ]
        },
        {
            "matrix_filter": {
                "name": "Form der Rinde",
                "is_multispace": true,
                "description": null,
                "filter_type": "DescriptiveTextAndImagesFilter",
                "definition": null
            },
            "values": [
                {
                    "encoded_space": "schuppig",
                    "image_url": "user_content/content_images/314008fab2b98b757247e28d2a213552.JPEG"
                }
            ]
        },
        {
            "matrix_filter": {
                "name": "Farbe des Stammes",
                "is_multispace": true,
                "description": null,
                "filter_type": "ColorFilter",
                "definition": null
            },
            "values": [
                {
                    "encoded_space": [
                        107,
                        100,
                        0,
                        1.0
                    ],
                    "image_url": "img/noimage.svg",
                    "rgba": "rgba(107,100,0,1.0)"
                }
            ]
        },
        {
            "matrix_filter": {
                "name": "Taxonomie",
                "is_multispace": false,
                "description": null,
                "filter_type": "TaxonFilter",
                "definition": null
            }
        }
    ],
    "texts": [
        {
            "taxon_text_type": "Interessantes",
            "text": "Unsere Vorfahren zählten den Bergahorn zu den 'heiteren' Bäumen. Er stand unter anderem für Ruhe, Gelassenheit und Harmonie. Türschwellen aus Ahornholz boten Schutz vor Hexen und Zauberern. Für die Kelten symbolisierte das weiße Holz eine besondere innere Reinheit. Bei den Griechen war der Bergahorn dem Kriegsgott Ares geweiht. Der botanische Gattungsname Acer ist lateinisch und bedeutet spitz, scharf. Das Wort bezieht sich auf die spitzen Blätter.\n\nDer Bergahorn wurde früher ebenso wie der amerikanische Zuckerahorn zur Zuckerherstellung verwendet. Wirtschaftliche Bedeutung erhielt der Ahornsirup vor allem in Not- und Kriegszeiten. 100 Liter Baumsaft waren nötig um etwa ein Kilogramm Zucker zu gewinnen. Dabei musste sehr sorgsam vorgegangen werden, um ein Verbluten des Baumes zu verhindern."
        },
        {
            "taxon_text_type": "Waldschutz",
            "text": "Vor allem im Jugendstadium treten Gefährdungen auf. Neben einer mäßigen Spätfrostgefährdung ist Wildverbiss der wichtigste Gefährdungsfaktor. Auch Fege- und Schälschäden machen dem Bergahorn zu schaffen. Auf vergrasten Flächen leiden die jungen Pflanzen häufig unter Mäusefraß."
        },
        {
            "taxon_text_type": "Baum als Lebensraum",
            "text": "Bergahorne sind Lebensraum für viele Vogelarten, Insekten, Pilze und Misteln. Besonders Blattläuse mögen den Baum wegen seines hohen Zuckergehaltes, und dementsprechend auch die Ameisen, die die Blattläuse melken. Auch Vögel und Mäuse ritzen gelegentlich die Rinde an, um an den zuckerhaltigen Frühjahrssaft zu gelangen. Die Samen werden von zahlreichen Tieren gefressen."
        }
    ],
    "images": {
        "taxon_profile_images": [],
        "node_images": [
            {
                "text": null,
                "image_url": "user_content/content_images/73d8123d19c5efa243ae1f91e3e0f1ee.JPEG"
            }
        ],
        "taxon_images": []
    },
    "gbif_nubKey": 3189870
}