{
    "taxon_source": "taxonomy.sources.col",
    "taxon_uuid": "fc542c23-258f-4013-bad5-7f9c6a9cfb0d",
    "taxon_nuid": "00600200700q0030070cx",
    "taxon_latname": "Quercus robur",
    "vernacular": {
        "de": "Eiche",
        "en": "Eiche"
    },
    "node_names": [
        "Eiche"
    ],
    "node_decision_rules": [],
    "traits": [
        {
            "matrix_filter": {
                "name": "Blattanordnung",
                "is_multispace": true,
                "description": null,
                "filter_type": "DescriptiveTextAndImagesFilter",
                "definition": null
            },
            "values": [
                {
                    "encoded_space": "wechselständig",
                    "image_url": "user_content/content_images/be2bcee18d6b847ef72bff25ec7a4194.JPEG"
                }
            ]
        },
        {
            "matrix_filter": {
                "name": "Form des Blattes",
                "is_multispace": true,
                "description": null,
                "filter_type": "DescriptiveTextAndImagesFilter",
                "definition": null
            },
            "values": [
                {
                    "encoded_space": "gelappt",
                    "image_url": "user_content/content_images/4e3f657eff96315388374c4ac8903fb7.JPEG"
                }
            ]
        },
        {
            "matrix_filter": {
                "name": "Form des Blattendes",
                "is_multispace": true,
                "description": null,
                "filter_type": "DescriptiveTextAndImagesFilter",
                "definition": null
            },
            "values": [
                {
                    "encoded_space": "ohne Spitze",
                    "image_url": "user_content/content_images/8c019e1a2d87e430b6f39a8d45966683.JPEG"
                }
            ]
        },
        {
            "matrix_filter": {
                "name": "Form des Blattrandes",
                "is_multispace": true,
                "description": null,
                "filter_type": "DescriptiveTextAndImagesFilter",
                "definition": null
            },
            "values": [
                {
                    "encoded_space": "glatt",
                    "image_url": "user_content/content_images/8a8907f93da71d55998e86f36aad5b26.JPEG"
                }
            ]
        },
        {
            "matrix_filter": {
                "name": "Form der Rinde",
                "is_multispace": true,
                "description": null,
                "filter_type": "DescriptiveTextAndImagesFilter",
                "definition": null
            },
            "values": [
                {
                    "encoded_space": "gefurcht",
                    "image_url": "user_content/content_images/bb56a7bc01f65f550c04e97146873b14.JPEG"
                }
            ]
        },
        {
            "matrix_filter": {
                "name": "Farbe des Stammes",
                "is_multispace": true,
                "description": null,
                "filter_type": "ColorFilter",
                "definition": null
            },
            "values": [
                {
                    "encoded_space": [
                        104,
                        71,
                        3,
                        1.0
                    ],
                    "image_url": "img/noimage.svg",
                    "rgba": "rgba(104,71,3,1.0)"
                },
                {
                    "encoded_space": [
                        107,
                        100,
                        0,
                        1.0
                    ],
                    "image_url": "img/noimage.svg",
                    "rgba": "rgba(107,100,0,1.0)"
                }
            ]
        },
        {
            "matrix_filter": {
                "name": "Taxonomie",
                "is_multispace": false,
                "description": null,
                "filter_type": "TaxonFilter",
                "definition": null
            }
        }
    ],
    "texts": [
        {
            "taxon_text_type": "Interessantes",
            "text": "Sie zählt zu den wertvollsten Holzarten in unseren Wälder. Besonders berühmt sind die Spessarteichen. Wenn diese Bäume ab einem Alter von etwa 240 Jahren als Furnierstämme geerntet werden, haben sie Höhen von bis zu 40 Metern erreicht. Freistehende Eichen sind oft knorrige Baumgestalten mit einem dicken, kurzen Stamm und einer breit ausladenden Krone. Solche Bäume erreichen oft ein hohes Alter von mehreren hundert Jahren."
        },
        {
            "taxon_text_type": "Waldschutz",
            "text": "Dank ihres tief reichenden Wurzelwerks sind Eichen besonders sturmfest, stabil und auch gegen längere Trockenphasen gut gerüstet. Eine besondere Rolle spielen die blattfressenden Raupen der Schmetterlinge wie Schwammspinner, Frostspanner oder Eichenprozessionsspinner. Die Eichen haben sich jedoch insoweit darauf eingerichtet, als dass sie Fraßschäden des Frühjahrs durch den Johannistrieb Ende Juni wieder ausgeglichen können.\n\nHäufige Fraßereignisse in aufeinanderfolgenden Jahren oder gleichzeitiger Fraß verschiedener Schädlinge können diese Regenerationsfähigkeit aber überfordern. Dann werden Bekämpfungsmaßnahmen nötig.\n\nVor allem in den warmen Regionen bereitet in den letzten Jahren der Eichenprozessionsspinner den Waldschützern Sorgen, wenn die giftigen Raupenhaare die Gesundheit der Waldbesucher beeinträchtigen."
        },
        {
            "taxon_text_type": "Baum als Lebensraum",
            "text": "Eine herausragende Rolle spielen die Eichenwaldgesellschaften im Hinblick auf die Zahl der vorkommenden Tier- und Pflanzenarten, da sie wegen ihrer lichteren Kronen besonders reich an licht- und wärmebedürftigen Arten sind. Beispielsweise kommen von den Großschmetterlingen 179 Arten an Eiche, aber nur 28 Arten an Fichte und von den holzbesiedelnden Käfern 900 Arten an Eiche und nur 300 Arten an Fichte vor.\n\nAuch der Eremit, eine äußerst seltene Käferart, entwickelt sich in sogenannten Mulmhöhlen, wie sie beispielsweise alte knorrige Eichen aufweisen können.Andere baumhöhlenbewohnende „Untermieter“ wie Mittelspecht, Halsbandschnäpper und Fledermäuse finden in Eichenwäldern dauerhafte Lebensstätten.\n\nEine besonders bedeutungsvolle Ausprägung sind Eichenwälder auf Sonderstandorten wie nährstoffarmen, trockenen Sandböden, auf trocken- warmen Silikatfelsstandorten, auf sonnseitigen tonigen Pelosolen und flachgründigen Rendzinen. Einige dieser speziellen Wälder stehen unter dem besonderen gesetzlichen Schutz des Paragraphen 30 BNatschG in Verbindung mit Art. 23 BayNatschG."
        }
    ],
    "images": {
        "taxon_profile_images": [],
        "node_images": [
            {
                "text": null,
                "image_url": "user_content/content_images/fe29af52d40b3e66b9ed850f1b16c7a6.JPEG"
            }
        ],
        "taxon_images": []
    },
    "gbif_nubKey": 2878688
}