{
    "taxon_source": "taxonomy.sources.col",
    "taxon_uuid": "fff10c11-b58f-4887-8402-8875924bd600",
    "taxon_nuid": "00600200701e00800100c",
    "taxon_latname": "Acer campestre",
    "vernacular": {
        "de": "Feldahorn",
        "en": "Feldahorn"
    },
    "node_names": [
        "Feldahorn"
    ],
    "node_decision_rules": [],
    "traits": [
        {
            "matrix_filter": {
                "name": "Blattanordnung",
                "is_multispace": true,
                "description": null,
                "filter_type": "DescriptiveTextAndImagesFilter",
                "definition": null
            },
            "values": [
                {
                    "encoded_space": "gegenständig",
                    "image_url": "user_content/content_images/d50d040edfa67fcfb3f56e2136f1a6f3.JPEG"
                }
            ]
        },
        {
            "matrix_filter": {
                "name": "Form des Blattes",
                "is_multispace": true,
                "description": null,
                "filter_type": "DescriptiveTextAndImagesFilter",
                "definition": null
            },
            "values": [
                {
                    "encoded_space": "gelappt",
                    "image_url": "user_content/content_images/4e3f657eff96315388374c4ac8903fb7.JPEG"
                }
            ]
        },
        {
            "matrix_filter": {
                "name": "Form des Blattendes",
                "is_multispace": true,
                "description": null,
                "filter_type": "DescriptiveTextAndImagesFilter",
                "definition": null
            },
            "values": [
                {
                    "encoded_space": "ohne Spitze",
                    "image_url": "user_content/content_images/8c019e1a2d87e430b6f39a8d45966683.JPEG"
                }
            ]
        },
        {
            "matrix_filter": {
                "name": "Form des Blattrandes",
                "is_multispace": true,
                "description": null,
                "filter_type": "DescriptiveTextAndImagesFilter",
                "definition": null
            },
            "values": [
                {
                    "encoded_space": "glatt",
                    "image_url": "user_content/content_images/8a8907f93da71d55998e86f36aad5b26.JPEG"
                }
            ]
        },
        {
            "matrix_filter": {
                "name": "Form der Rinde",
                "is_multispace": true,
                "description": null,
                "filter_type": "DescriptiveTextAndImagesFilter",
                "definition": null
            },
            "values": [
                {
                    "encoded_space": "schuppig",
                    "image_url": "user_content/content_images/314008fab2b98b757247e28d2a213552.JPEG"
                }
            ]
        },
        {
            "matrix_filter": {
                "name": "Farbe des Stammes",
                "is_multispace": true,
                "description": null,
                "filter_type": "ColorFilter",
                "definition": null
            },
            "values": [
                {
                    "encoded_space": [
                        104,
                        71,
                        3,
                        1.0
                    ],
                    "image_url": "img/noimage.svg",
                    "rgba": "rgba(104,71,3,1.0)"
                }
            ]
        },
        {
            "matrix_filter": {
                "name": "Taxonomie",
                "is_multispace": false,
                "description": null,
                "filter_type": "TaxonFilter",
                "definition": null
            }
        }
    ],
    "texts": [],
    "images": {
        "taxon_profile_images": [],
        "node_images": [
            {
                "text": null,
                "image_url": "user_content/content_images/bdf41491eca48a65fee6c73eae8707a4.JPEG"
            }
        ],
        "taxon_images": []
    },
    "gbif_nubKey": 3189863
}